{"cameraMode":{"drawMode":0,"name":"Shaded","section":"Shading Mode"},"sceneLighting":false,"audioPlay":false,"sceneViewState":{"m_AlwaysRefresh":false,"showFog":false,"showSkybox":false,"showFlares":false,"showImageEffects":false,"showParticleSystems":false,"showVisualEffectGraphs":true,"m_FxEnabled":true},"in2DMode":false,"pivot":{"x":0.0249006450176239,"y":-0.024357015267014505,"z":0.06387390196323395},"rotation":{"x":-0.011352731846272946,"y":0.9874672293663025,"z":-0.1329268515110016,"w":-0.08433535695075989},"size":0.019514862447977067,"orthographic":false}