{"cameraMode":{"drawMode":0,"name":"Shaded","section":"Shading Mode"},"sceneLighting":true,"audioPlay":false,"sceneViewState":{"m_AlwaysRefresh":false,"showFog":true,"showSkybox":false,"showFlares":true,"showImageEffects":true,"showParticleSystems":true,"showVisualEffectGraphs":true,"m_FxEnabled":true},"in2DMode":false,"pivot":{"x":-0.03766357898712158,"y":-0.05616680532693863,"z":0.01710156723856926},"rotation":{"x":0.03348390758037567,"y":0.6928688883781433,"z":-0.03224167600274086,"w":0.7195644378662109},"size":0.28094005584716799,"orthographic":false}